dt,x,y,position,velocity,acceleration,jerk,heading
0.020000,163.096046,5264.240022,0.003657,0.365678,18.283905,914.195234,6.281998
0.020000,163.096046,5264.240022,0.018284,1.097034,36.567809,914.195234,6.282002
0.020000,163.096046,5264.240022,0.051195,2.194069,54.851714,914.195234,6.282011
0.020000,163.096046,5264.240022,0.109703,3.656781,73.135619,914.195234,6.282027
0.020000,163.096046,5264.240022,0.201123,5.485171,91.419523,914.195234,6.282052
0.020000,163.096046,5264.240022,0.332767,7.679240,109.703428,914.195234,6.282089
0.020000,163.096046,5264.240022,0.511949,10.238987,127.987333,914.195234,6.282138
0.020000,163.096046,5264.240022,0.745983,13.164411,146.271237,914.195234,6.282202
0.020000,163.096046,5264.240022,1.042183,16.455514,164.555142,914.195234,6.282284
0.020000,163.096046,5264.240022,1.407861,20.112295,182.839047,914.195234,6.282384
0.020000,163.096046,5264.240022,1.846674,23.769076,182.839047,0.000000,6.282505
0.020000,163.096046,5264.240022,2.358624,27.425857,182.839047,0.000000,6.282646
0.020000,163.096046,5264.240022,2.943709,31.082638,182.839047,0.000000,6.282807
0.020000,163.096046,5264.240022,3.601929,34.739419,182.839047,-0.000000,6.282988
0.020000,163.109276,5264.240022,4.333285,38.396200,182.839047,0.000000,0.000004
0.020000,163.913954,5264.240114,5.137777,42.052981,182.839047,0.000000,0.000225
0.020000,164.791686,5264.240418,6.015405,45.709762,182.839047,0.000000,0.000466
0.020000,165.742448,5264.240986,6.966168,49.366543,182.839047,0.000000,0.000728
0.020000,166.766210,5264.241875,7.990066,53.023324,182.839047,-0.000000,0.001010
0.020000,167.863200,5264.243149,9.087101,56.680105,182.839047,0.000000,0.001312
0.020000,169.033543,5264.244873,10.257271,60.336885,182.839047,-0.000000,0.001634
0.020000,170.276833,5264.247117,11.500576,63.993666,182.839047,0.000000,0.001976
0.020000,171.593033,5264.249957,12.817017,67.650447,182.839047,-0.000000,0.002339
0.020000,172.982820,5264.253474,14.206594,71.307228,182.839047,0.000000,0.002722
0.020000,174.445560,5264.257750,15.669306,74.964009,182.839047,0.000000,0.003125
0.020000,175.981130,5264.262873,17.205154,78.620790,182.839047,-0.000000,0.003548
0.020000,177.590366,5264.268940,18.814138,82.277571,182.839047,0.000000,0.003992
0.020000,179.272419,5264.276044,20.496257,85.934352,182.839047,0.000000,0.004455
0.020000,181.027584,5264.284289,22.251512,89.591133,182.839047,0.000000,0.004940
0.020000,182.856086,5264.293782,24.079902,93.247914,182.839047,-0.000000,0.005444
0.020000,184.757309,5264.304632,25.981429,96.904695,182.839047,0.000000,0.005969
0.020000,186.732210,5264.316958,27.956090,100.561476,182.839047,-0.000000,0.006514
0.020000,188.779708,5264.330874,30.003888,104.218257,182.839047,0.000000,0.007079
0.020000,190.900831,5264.346512,32.124821,107.875038,182.839047,-0.000000,0.007665
0.020000,193.094579,5264.363993,34.318889,111.531819,182.839047,0.000000,0.008272
0.020000,195.361951,5264.383459,36.586093,115.188600,182.839047,-0.000000,0.008898
0.020000,197.701924,5264.405038,38.926433,118.845380,182.839047,0.000000,0.009545
0.020000,200.115538,5264.428884,41.339908,122.502161,182.839047,0.000000,0.010213
0.020000,202.601887,5264.455133,43.826520,126.158942,182.839047,-0.000000,0.010901
0.020000,205.161519,5264.483944,46.386266,129.815723,182.839047,0.000000,0.011610
0.020000,207.794277,5264.515471,49.019148,133.472504,182.839047,-0.000000,0.012339
0.020000,210.499804,5264.549870,51.725166,137.129285,182.839047,0.000000,0.013088
0.020000,213.278964,5264.587318,54.504320,140.786066,182.839047,0.000000,0.013859
0.020000,216.130952,5264.627973,57.356609,144.442847,182.839047,-0.000000,0.014650
0.020000,219.055789,5264.672010,60.282034,148.099628,182.839047,0.000000,0.015461
0.020000,222.054216,5264.719620,63.280594,151.756409,182.839047,0.000000,0.016293
0.020000,225.125521,5264.770976,66.352290,155.413190,182.839047,0.000000,0.017146
0.020000,228.269731,5264.826265,69.497122,159.069971,182.839047,0.000000,0.018019
0.020000,231.487100,5264.885684,72.715089,162.726752,182.839047,-0.000000,0.018913
0.020000,234.777740,5264.949435,76.006192,166.383533,182.839047,0.000000,0.019828
0.020000,238.141316,5265.017712,79.370430,170.040314,182.839047,0.000000,0.020764
0.020000,241.577849,5265.090722,82.807804,173.697095,182.839047,-0.000000,0.021720
0.020000,245.087356,5265.168678,86.318314,177.353875,182.839047,0.000000,0.022698
0.020000,248.670032,5265.251799,89.901959,181.010656,182.839047,0.000000,0.023696
0.020000,252.325857,5265.340306,93.558740,184.667437,182.839047,0.000000,0.024715
0.020000,256.054647,5265.434420,97.288657,188.324218,182.839047,0.000000,0.025755
0.020000,259.856407,5265.534373,101.091709,191.980999,182.839047,-0.000000,0.026815
0.020000,263.731142,5265.640397,104.967897,195.637780,182.839047,0.000000,0.027897
0.020000,267.678852,5265.752734,108.917220,199.294561,182.839047,0.000000,0.029000
0.020000,271.699532,5265.871626,112.939679,202.951342,182.839047,-0.000000,0.030123
0.020000,275.793179,5265.997323,117.035274,206.608123,182.839047,0.000000,0.031268
0.020000,279.959782,5266.130078,121.204004,210.264904,182.839047,0.000000,0.032434
0.020000,284.199332,5266.270150,125.445870,213.921685,182.839047,0.000000,0.033621
0.020000,288.511812,5266.417801,129.760872,217.578466,182.839047,0.000000,0.034829
0.020000,292.897207,5266.573298,134.149009,221.235247,182.839047,-0.000000,0.036058
0.020000,297.355495,5266.736913,138.610281,224.892028,182.839047,0.000000,0.037308
0.020000,301.886654,5266.908924,143.144690,228.548809,182.839047,-0.000000,0.038579
0.020000,306.490657,5267.089611,147.752234,232.205590,182.839047,-0.000000,0.039872
0.020000,311.167477,5267.279260,152.432913,235.862370,182.839047,0.000000,0.041186
0.020000,315.917080,5267.478161,157.186729,239.519151,182.839047,-0.000000,0.042521
0.020000,320.739434,5267.686611,162.013679,243.175932,182.839047,0.000000,0.043877
0.020000,325.634571,5267.904910,166.913766,246.832713,182.839047,0.000000,0.045254
0.020000,330.602684,5268.133375,171.886988,250.489494,182.839047,-0.000000,0.046653
0.020000,335.643461,5268.372302,176.933346,254.146275,182.839047,0.000000,0.048074
0.020000,340.756854,5268.622005,182.052839,257.803056,182.839047,-0.000000,0.049515
0.020000,345.942816,5268.882802,187.245468,261.459837,182.839047,0.000000,0.050978
0.020000,351.201486,5269.155025,192.511232,265.116618,182.839047,0.000000,0.052463
0.020000,356.532980,5269.439012,197.850133,268.773399,182.839047,0.000000,0.053968
0.020000,361.936910,5269.735075,203.262168,272.430180,182.839047,-0.000000,0.055496
0.020000,367.413214,5270.043552,208.747340,276.086961,182.839047,0.000000,0.057044
0.020000,372.962372,5270.364815,214.305647,279.743742,182.839047,0.000000,0.058615
0.020000,378.583924,5270.699187,219.937089,283.400523,182.839047,0.000000,0.060206
0.020000,384.277680,5271.047010,225.641668,287.057304,182.839047,0.000000,0.061819
0.020000,390.044248,5271.408682,231.419382,290.714085,182.839047,-0.000000,0.063454
0.020000,395.882986,5271.784527,237.270231,294.370865,182.839047,0.000000,0.065110
0.020000,401.794012,5272.174920,243.194216,298.027646,182.839047,0.000000,0.066788
0.020000,407.777542,5272.580250,249.191337,301.684427,182.839047,0.000000,0.068487
0.020000,413.832980,5273.000856,255.261593,305.341208,182.839047,0.000000,0.070208
0.020000,419.961085,5273.437174,261.404985,308.997989,182.839047,0.000000,0.071951
0.020000,426.160912,5273.889524,267.621513,312.654770,182.839047,-0.000000,0.073715
0.020000,432.433291,5274.358361,273.911176,316.311551,182.839047,0.000000,0.075500
0.020000,438.777285,5274.844013,280.273975,319.968332,182.839047,0.000000,0.077308
0.020000,445.193775,5275.346950,286.709909,323.625113,182.839047,0.000000,0.079137
0.020000,451.681840,5275.867508,293.218979,327.281894,182.839047,0.000000,0.080987
0.020000,458.242089,5276.406149,299.801185,330.938675,182.839047,-0.000000,0.082859
0.020000,464.874052,5276.963250,306.456526,334.595456,182.839047,0.000000,0.084753
0.020000,471.577730,5277.539234,313.185003,338.252237,182.839047,0.000000,0.086668
0.020000,478.353379,5278.134550,319.986616,341.909018,182.839047,0.000000,0.088605
0.020000,485.200463,5278.749583,326.861364,345.565799,182.839047,0.000000,0.090563
0.020000,492.119225,5279.384791,333.809248,349.222580,182.839047,-0.000000,0.092543
0.020000,499.109657,5280.040614,340.830267,352.879360,182.839047,0.000000,0.094544
0.020000,506.171392,5280.717465,347.924422,356.536141,182.839047,0.000000,0.096567
0.020000,513.304421,5281.415793,355.091713,360.192922,182.839047,0.000000,0.098612
0.020000,520.509089,5282.136086,362.332139,363.849703,182.839047,0.000000,0.100678
0.020000,527.784889,5282.878756,369.645701,367.506484,182.839047,0.000000,0.102765
0.020000,535.131769,5283.644261,377.032399,371.163265,182.839047,-0.000000,0.104874
0.020000,542.549671,5284.433064,384.492232,374.820046,182.839047,0.000000,0.107005
0.020000,550.038677,5285.245648,392.025200,378.476827,182.839047,0.000000,0.109157
0.020000,557.598694,5286.082483,399.631305,382.133608,182.839047,0.000000,0.111330
0.020000,565.229492,5286.944026,407.310545,385.790389,182.839047,0.000000,0.113525
0.020000,572.930996,5287.830757,415.062920,389.447170,182.839047,-0.000000,0.115741
0.020000,580.703123,5288.743157,422.888431,393.103951,182.839047,0.000000,0.117978
0.020000,588.545787,5289.681715,430.787078,396.760732,182.839047,0.000000,0.120236
0.020000,596.458896,5290.646921,438.758861,400.417513,182.839047,0.000000,0.122516
0.020000,604.442354,5291.639268,446.803779,404.074294,182.839047,0.000000,0.124816
0.020000,612.496060,5292.659254,454.921832,407.731075,182.839047,-0.000000,0.127138
0.020000,620.619909,5293.707382,463.113022,411.387855,182.839047,0.000000,0.129481
0.020000,628.813790,5294.784155,471.377347,415.044636,182.839047,0.000000,0.131845
0.020000,637.077588,5295.890082,479.714807,418.701417,182.839047,0.000000,0.134230
0.020000,645.411182,5297.025674,488.125403,422.358198,182.839047,0.000000,0.136636
0.020000,653.814450,5298.191448,496.609135,426.014979,182.839047,0.000000,0.139062
0.020000,662.287260,5299.387920,505.166003,429.671760,182.839047,-0.000000,0.141509
0.020000,670.829480,5300.615612,513.796006,433.328541,182.839047,0.000000,0.143977
0.020000,679.440972,5301.875048,522.499144,436.985322,182.839047,0.000000,0.146465
0.020000,688.121594,5303.166756,531.275418,440.642103,182.839047,-0.000000,0.148974
0.020000,696.871274,5304.491278,540.124828,444.298884,182.839047,0.000000,0.151503
0.020000,705.689982,5305.849166,549.047374,447.955665,182.839047,0.000000,0.154053
0.020000,714.577388,5307.240930,558.043055,451.612446,182.839047,-0.000000,0.156623
0.020000,723.533330,5308.667108,567.111872,455.269227,182.839047,0.000000,0.159213
0.020000,732.557644,5310.128240,576.253824,458.926008,182.839047,0.000000,0.161823
0.020000,741.650454,5311.624921,585.468912,462.582789,182.839047,0.000000,0.164452
0.020000,750.811388,5313.157663,594.757136,466.239570,182.839047,-0.000000,0.167102
0.020000,760.040192,5314.727004,604.118495,469.896350,182.839047,0.000000,0.169771
0.020000,769.336881,5316.333527,613.552990,473.553131,182.839047,0.000000,0.172460
0.020000,778.701326,5317.977797,623.060620,477.209912,182.839047,0.000000,0.175169
0.020000,788.133098,5319.660327,632.641386,480.866693,182.839047,-0.000000,0.177896
0.020000,797.632334,5321.381735,642.295288,484.523474,182.839047,0.000000,0.180643
0.020000,807.198680,5323.142553,652.022325,488.180255,182.839047,0.000000,0.183409
0.020000,816.831900,5324.943336,661.822498,491.837036,182.839047,-0.000000,0.186194
0.020000,826.532072,5326.784700,671.695806,495.493817,182.839047,0.000000,0.188998
0.020000,836.298616,5328.667142,681.642251,499.150598,182.839047,0.000000,0.191820
0.020000,846.131828,5330.591325,691.661830,502.807379,182.839047,0.000000,0.194660
0.020000,856.030991,5332.557721,701.754546,506.464160,182.839047,-0.000000,0.197519
0.020000,865.996419,5334.567006,711.920397,510.120941,182.839047,0.000000,0.200396
0.020000,876.027451,5336.619662,722.159383,513.777722,182.839047,0.000000,0.203291
0.020000,886.124234,5338.716340,732.471506,517.434503,182.839047,-0.000000,0.206204
0.020000,896.286339,5340.857570,742.856763,521.091284,182.839047,0.000000,0.209135
0.020000,906.513582,5343.043939,753.315157,524.748064,182.839047,0.000000,0.212082
0.020000,916.805924,5345.276063,763.846686,528.404845,182.839047,0.000000,0.215047
0.020000,927.162875,5347.554465,774.451351,532.061626,182.839047,-0.000000,0.218029
0.020000,937.584398,5349.879767,785.129151,535.718407,182.839047,0.000000,0.221028
0.020000,948.070277,5352.252552,795.880087,539.375188,182.839047,-0.000000,0.224044
0.020000,958.620126,5354.673368,806.704159,543.031969,182.839047,0.000000,0.227075
0.020000,969.233751,5357.142805,817.601366,546.688750,182.839047,0.000000,0.230123
0.020000,979.911128,5359.661496,828.571709,550.345531,182.839047,-0.000000,0.233187
0.020000,990.651788,5362.229969,839.615187,554.002312,182.839047,0.000000,0.236267
0.020000,1001.455500,5364.848808,850.731801,557.659093,182.839047,0.000000,0.239362
0.020000,1012.322028,5367.518598,861.921551,561.315874,182.839047,-0.000000,0.242472
0.020000,1023.251174,5370.239932,873.184436,564.972655,182.839047,0.000000,0.245597
0.020000,1034.242725,5373.013402,884.520457,568.629436,182.839047,-0.000000,0.248738
0.020000,1045.296326,5375.839563,895.929614,572.286217,182.839047,0.000000,0.251892
0.020000,1056.411720,5378.718993,907.411906,575.942998,182.839047,-0.000000,0.255061
0.020000,1067.588645,5381.652271,918.967333,579.599779,182.839047,0.000000,0.258243
0.020000,1078.826833,5384.639972,930.595897,583.256559,182.839047,0.000000,0.261440
0.020000,1090.126012,5387.682671,942.297596,586.913340,182.839047,-0.000000,0.264650
0.020000,1101.485907,5390.780940,954.072430,590.570121,182.839047,0.000000,0.267872
0.020000,1112.906235,5393.935349,965.920401,594.226902,182.839047,-0.000000,0.271108
0.020000,1124.386711,5397.146466,977.841507,597.883683,182.839047,0.000000,0.274356
0.020000,1135.927045,5400.414856,989.835748,601.540464,182.839047,0.000000,0.277617
0.020000,1147.526945,5403.741082,1001.903125,605.197245,182.839047,0.000000,0.280889
0.020000,1159.186112,5407.125704,1014.043638,608.854026,182.839047,0.000000,0.284173
0.020000,1170.904245,5410.569279,1026.257286,612.510807,182.839047,-0.000000,0.287468
0.020000,1182.681039,5414.072361,1038.544070,616.167588,182.839047,0.000000,0.290774
0.020000,1194.516187,5417.635502,1050.903990,619.824369,182.839047,0.000000,0.294091
0.020000,1206.409403,5421.259257,1063.337045,623.481150,182.839047,-0.000000,0.297417
0.020000,1218.360425,5424.944186,1075.843236,627.137931,182.839047,0.000000,0.300754
0.020000,1230.368864,5428.690809,1088.422562,630.794712,182.839047,-0.000000,0.304101
0.020000,1242.434398,5432.499661,1101.075024,634.451493,182.839047,0.000000,0.307457
0.020000,1254.556704,5436.371277,1113.800622,638.108274,182.839047,0.000000,0.310821
0.020000,1266.735528,5440.306207,1126.599355,641.765054,182.839047,0.000000,0.314195
0.020000,1278.970539,5444.304976,1139.471224,645.421835,182.839047,0.000000,0.317576
0.020000,1291.261341,5448.368082,1152.416228,649.078616,182.839047,-0.000000,0.320965
0.020000,1303.607615,5452.496047,1165.434369,652.735397,182.839047,0.000000,0.324362
0.020000,1316.009154,5456.689425,1178.525644,656.392178,182.839047,-0.000000,0.327765
0.020000,1328.465480,5460.948673,1191.690056,660.048959,182.839047,0.000000,0.331176
0.020000,1340.976302,5465.274310,1204.927603,663.705740,182.839047,0.000000,0.334592
0.020000,1353.541351,5469.666858,1218.238285,667.362521,182.839047,-0.000000,0.338015
0.020000,1366.160168,5474.126765,1231.622104,671.019302,182.839047,0.000000,0.341443
0.020000,1378.832551,5478.654567,1245.079057,674.676083,182.839047,0.000000,0.344876
0.020000,1391.558041,5483.250705,1258.609147,678.332864,182.839047,-0.000000,0.348314
0.020000,1404.336375,5487.915682,1272.212372,681.989645,182.839047,0.000000,0.351756
0.020000,1417.167159,5492.649950,1285.888733,685.646426,182.839047,-0.000000,0.355202
0.020000,1430.050090,5497.453986,1299.638229,689.303207,182.839047,0.000000,0.358651
0.020000,1442.984778,5502.328233,1313.460861,692.959988,182.839047,-0.000000,0.362104
0.020000,1455.970937,5507.273163,1327.356629,696.616769,182.839047,0.000000,0.365559
0.020000,1469.008132,5512.289188,1341.325532,700.273549,182.839047,0.000000,0.369016
0.020000,1482.096137,5517.376792,1355.367570,703.930330,182.839047,-0.000000,0.372475
0.020000,1495.234493,5522.536364,1369.482745,707.587111,182.839047,0.000000,0.375935
0.020000,1508.422900,5527.768346,1383.671055,711.243892,182.839047,-0.000000,0.379397
0.020000,1521.661024,5533.073162,1397.932501,714.900673,182.839047,0.000000,0.382859
0.020000,1534.948473,5538.451202,1412.267082,718.557454,182.839047,0.000000,0.386320
0.020000,1548.284929,5543.902883,1426.674799,722.214235,182.839047,0.000000,0.389782
0.020000,1561.670057,5549.428603,1441.155651,725.871016,182.839047,0.000000,0.393242
0.020000,1575.103475,5555.028738,1455.709639,729.527797,182.839047,-0.000000,0.396702
0.020000,1588.584842,5560.703667,1470.336763,733.184578,182.839047,0.000000,0.400159
0.020000,1602.113837,5566.453776,1485.037023,736.841359,182.839047,0.000000,0.403615
0.020000,1615.690104,5572.279421,1499.810418,740.498140,182.839047,-0.000000,0.407067
0.020000,1629.313288,5578.180954,1514.656948,744.154921,182.839047,0.000000,0.410517
0.020000,1642.983047,5584.158724,1529.576614,747.811702,182.839047,-0.000000,0.413963
0.020000,1656.699043,5590.213072,1544.569416,751.468483,182.839047,0.000000,0.417405
0.020000,1670.460937,5596.344329,1559.635354,755.125264,182.839047,0.000000,0.420843
0.020000,1684.268398,5602.552821,1574.774427,758.782044,182.839047,-0.000000,0.424275
0.020000,1698.121082,5608.838857,1589.986635,762.438825,182.839047,0.000000,0.427703
0.020000,1712.018652,5615.202744,1605.271980,766.095606,182.839047,-0.000000,0.431124
0.020000,1725.960776,5621.644777,1620.630460,769.752387,182.839047,0.000000,0.434540
0.020000,1739.947126,5628.165244,1636.062075,773.409168,182.839047,-0.000000,0.437948
0.020000,1753.977373,5634.764425,1651.566826,777.065949,182.839047,0.000000,0.441349
0.020000,1768.051192,5641.442589,1667.144713,780.722730,182.839047,0.000000,0.444743
0.020000,1782.168261,5648.199996,1682.795736,784.379511,182.839047,-0.000000,0.448129
0.020000,1796.328262,5655.036898,1698.519894,788.036292,182.839047,0.000000,0.451506
0.020000,1810.530878,5661.953537,1714.317187,791.693073,182.839047,0.000000,0.454874
0.020000,1824.775796,5668.950147,1730.187617,795.349854,182.839047,-0.000000,0.458232
0.020000,1839.062708,5676.026952,1746.131181,799.006635,182.839047,0.000000,0.461581
0.020000,1853.391306,5683.184164,1762.147882,802.663416,182.839047,0.000000,0.464919
0.020000,1867.761287,5690.421988,1778.237718,806.320197,182.839047,0.000000,0.468246
0.020000,1882.172356,5697.740621,1794.400690,809.976978,182.839047,-0.000000,0.471562
0.020000,1896.624220,5705.140249,1810.636797,813.633759,182.839047,0.000000,0.474866
0.020000,1911.116591,5712.621048,1826.946040,817.290539,182.839047,0.000000,0.478158
0.020000,1925.649185,5720.183187,1843.328419,820.947320,182.839047,-0.000000,0.481438
0.020000,1940.218475,5727.825113,1859.780276,824.238423,164.555142,-914.195234,0.484703
0.020000,1954.817746,5735.543514,1876.294299,827.163848,146.271237,-914.195234,0.487953
0.020000,1969.440339,5743.334991,1892.863173,829.723595,127.987333,-914.195234,0.491186
0.020000,1984.079635,5751.196047,1909.479586,831.917663,109.703428,-914.195234,0.494399
0.020000,1998.729045,5759.123084,1926.136223,833.746054,91.419523,-914.195234,0.497591
0.020000,2013.382059,5767.112433,1942.825771,835.208766,73.135619,-914.195234,0.500761
0.020000,2028.032219,5775.160340,1959.540917,836.305800,54.851714,-914.195234,0.503906
0.020000,2042.673098,5783.262956,1976.274347,837.037157,36.567809,-914.195234,0.507026
0.020000,2057.297528,5791.415906,1993.017861,837.314322,13.858263,-1135.477324,0.510118
0.020000,2071.895266,5799.612965,2009.759606,836.860131,-22.709546,-1828.390469,0.513181
0.020000,2086.456885,5807.848200,2026.488610,836.040262,-40.993451,-914.195234,0.516212
0.020000,2100.976163,5816.117357,2043.197560,834.854715,-59.277356,-914.195234,0.519210
0.020000,2115.446987,5824.416149,2059.879142,833.303490,-77.561261,-914.195234,0.522174
0.020000,2129.863275,5832.740208,2076.526042,831.386586,-95.845165,-914.195234,0.525103
0.020000,2144.218974,5841.085093,2093.130948,829.104005,-114.129070,-914.195234,0.527996
0.020000,2158.508046,5849.446279,2109.686546,826.455745,-132.412975,-914.195234,0.530851
0.020000,2172.724570,5857.819225,2126.185521,823.441808,-150.696879,-914.195234,0.533667
0.020000,2186.862628,5866.199308,2142.620561,820.062192,-168.980784,-914.195234,0.536445
0.020000,2200.917103,5874.582302,2158.985237,816.405411,-182.839047,-692.913144,0.539182
0.020000,2214.886032,5882.965816,2175.276778,812.748630,-182.839047,-0.000000,0.541879
0.020000,2228.769842,5891.348886,2191.495182,809.091849,-182.839047,0.000000,0.544537
0.020000,2242.568989,5899.730583,2207.640452,805.435068,-182.839047,0.000000,0.547155
0.020000,2256.283905,5908.109981,2223.712585,801.778287,-182.839047,0.000000,0.549734
0.020000,2269.915018,5916.486169,2239.711583,798.121506,-182.839047,-0.000000,0.552274
0.020000,2283.462756,5924.858253,2255.637445,794.464725,-182.839047,0.000000,0.554776
0.020000,2296.927543,5933.225351,2271.490172,790.807945,-182.839047,0.000000,0.557241
0.020000,2310.309804,5941.586601,2287.269763,787.151164,-182.839047,-0.000000,0.559667
0.020000,2323.609959,5949.941152,2302.976219,783.494383,-182.839047,0.000000,0.562057
0.020000,2336.828424,5958.288170,2318.609539,779.837602,-182.839047,0.000000,0.564410
0.020000,2349.965617,5966.626836,2334.169723,776.180821,-182.839047,-0.000000,0.566727
0.020000,2363.021948,5974.956344,2349.656771,772.524040,-182.839047,0.000000,0.569008
0.020000,2375.997829,5983.275903,2365.070684,768.867259,-182.839047,-0.000000,0.571253
0.020000,2388.893665,5991.584738,2380.411462,765.210478,-182.839047,0.000000,0.573463
0.020000,2401.709861,5999.882085,2395.679104,761.553697,-182.839047,-0.000000,0.575639
0.020000,2414.446818,6008.167196,2410.873610,757.896916,-182.839047,0.000000,0.577780
0.020000,2427.104933,6016.439336,2425.994980,754.240135,-182.839047,0.000000,0.579887
0.020000,2439.684582,6024.697772,2441.043215,750.583354,-182.839047,-0.000000,0.581960
0.020000,2452.186149,6032.941790,2456.018314,746.926573,-182.839047,0.000000,0.584000
0.020000,2464.610042,6041.170707,2470.920278,743.269792,-182.839047,-0.000000,0.586007
0.020000,2476.956645,6049.383844,2485.749106,739.613011,-182.839047,0.000000,0.587982
0.020000,2489.226338,6057.580529,2500.504798,735.956230,-182.839047,0.000000,0.589924
0.020000,2501.419453,6065.760074,2515.187355,732.299450,-182.839047,-0.000000,0.591835
0.020000,2513.536388,6073.921852,2529.796776,728.642669,-182.839047,0.000000,0.593714
0.020000,2525.577529,6082.065242,2544.333062,724.985888,-182.839047,0.000000,0.595563
0.020000,2537.543216,6090.189605,2558.796212,721.329107,-182.839047,0.000000,0.597380
0.020000,2549.433782,6098.294312,2573.186226,717.672326,-182.839047,0.000000,0.599167
0.020000,2561.249635,6106.378801,2587.503105,714.015545,-182.839047,-0.000000,0.600925
0.020000,2572.991085,6114.442455,2601.746848,710.358764,-182.839047,0.000000,0.602652
0.020000,2584.658478,6122.484697,2615.917456,706.701983,-182.839047,-0.000000,0.604351
0.020000,2596.252202,6130.504993,2630.014927,703.045202,-182.839047,0.000000,0.606020
0.020000,2607.772504,6138.502722,2644.039264,699.388421,-182.839047,0.000000,0.607661
0.020000,2619.219817,6146.477410,2657.990464,695.731640,-182.839047,-0.000000,0.609274
0.020000,2630.594385,6154.428462,2671.868529,692.074859,-182.839047,0.000000,0.610859
0.020000,2641.896605,6162.355404,2685.673459,688.418078,-182.839047,-0.000000,0.612416
0.020000,2653.126730,6170.257673,2699.405252,684.761297,-182.839047,0.000000,0.613946
0.020000,2664.285147,6178.134816,2713.063910,681.104516,-182.839047,-0.000000,0.615450
0.020000,2675.372085,6185.986277,2726.649433,677.447736,-182.839047,0.000000,0.616927
0.020000,2686.387938,6193.811635,2740.161820,673.790955,-182.839047,0.000000,0.618377
0.020000,2697.332931,6201.610354,2753.601071,670.134174,-182.839047,-0.000000,0.619802
0.020000,2708.207417,6209.382010,2766.967187,666.477393,-182.839047,0.000000,0.621201
0.020000,2719.011687,6217.126140,2780.260167,662.820612,-182.839047,0.000000,0.622575
0.020000,2729.745982,6224.842261,2793.480011,659.163831,-182.839047,-0.000000,0.623924
0.020000,2740.410651,6232.529978,2806.626720,655.507050,-182.839047,0.000000,0.625249
0.020000,2751.005956,6240.188847,2819.700293,651.850269,-182.839047,-0.000000,0.626549
0.020000,2761.532136,6247.818414,2832.700731,648.193488,-182.839047,0.000000,0.627826
0.020000,2771.989514,6255.418304,2845.628033,644.536707,-182.839047,0.000000,0.629079
0.020000,2782.378357,6262.988109,2858.482199,640.879926,-182.839047,0.000000,0.630308
0.020000,2792.698905,6270.527412,2871.263230,637.223145,-182.839047,0.000000,0.631515
0.020000,2802.951415,6278.035821,2883.971125,633.566364,-182.839047,-0.000000,0.632699
0.020000,2813.136170,6285.512973,2896.605884,629.909583,-182.839047,0.000000,0.633860
0.020000,2823.253419,6292.958492,2909.167508,626.252802,-182.839047,-0.000000,0.634999
0.020000,2833.303411,6300.372010,2921.655997,622.596021,-182.839047,0.000000,0.636117
0.020000,2843.286387,6307.753169,2934.071349,618.939241,-182.839047,0.000000,0.637213
0.020000,2853.202571,6315.101602,2946.413566,615.282460,-182.839047,-0.000000,0.638288
0.020000,2863.052212,6322.416976,2958.682648,611.625679,-182.839047,0.000000,0.639341
0.020000,2872.835550,6329.698957,2970.878593,607.968898,-182.839047,0.000000,0.640375
0.020000,2882.552812,6336.947216,2983.001403,604.312117,-182.839047,0.000000,0.641387
0.020000,2892.204223,6344.161429,2995.051078,600.655336,-182.839047,0.000000,0.642380
0.020000,2901.790005,6351.341281,3007.027617,596.998555,-182.839047,-0.000000,0.643353
0.020000,2911.310373,6358.486460,3018.931020,593.341774,-182.839047,0.000000,0.644306
0.020000,2920.765543,6365.596665,3030.761288,589.684993,-182.839047,-0.000000,0.645240
0.020000,2930.155724,6372.671599,3042.518420,586.028212,-182.839047,0.000000,0.646155
0.020000,2939.481122,6379.710973,3054.202416,582.371431,-182.839047,0.000000,0.647052
0.020000,2948.741941,6386.714503,3065.813277,578.714650,-182.839047,-0.000000,0.647929
0.020000,2957.938379,6393.681912,3077.351002,575.057869,-182.839047,0.000000,0.648789
0.020000,2967.070633,6400.612929,3088.815592,571.401088,-182.839047,-0.000000,0.649631
0.020000,2976.138873,6407.507272,3100.207046,567.744307,-182.839047,0.000000,0.650455
0.020000,2985.143307,6414.364696,3111.525364,564.087526,-182.839047,0.000000,0.651261
0.020000,2994.084121,6421.184950,3122.770547,560.430746,-182.839047,0.000000,0.652051
0.020000,3002.961499,6427.967786,3133.942594,556.773965,-182.839047,0.000000,0.652823
0.020000,3011.775618,6434.712961,3145.041506,553.117184,-182.839047,-0.000000,0.653579
0.020000,3020.526642,6441.420230,3156.067281,549.460403,-182.839047,0.000000,0.654318
0.020000,3029.214727,6448.089350,3167.019922,545.803622,-182.839047,0.000000,0.655041
0.020000,3037.840068,6454.720115,3177.899426,542.146841,-182.839047,-0.000000,0.655749
0.020000,3046.402832,6461.312306,3188.705795,538.490060,-182.839047,0.000000,0.656440
0.020000,3054.903154,6467.865686,3199.439029,534.833279,-182.839047,-0.000000,0.657116
0.020000,3063.341196,6474.380047,3210.099126,531.176498,-182.839047,0.000000,0.657777
0.020000,3071.717136,6480.855201,3220.686089,527.519717,-182.839047,0.000000,0.658423
0.020000,3080.031100,6487.290926,3231.199915,523.862936,-182.839047,0.000000,0.659054
0.020000,3088.283236,6493.687025,3241.640606,520.206155,-182.839047,0.000000,0.659670
0.020000,3096.473719,6500.043328,3252.008161,516.549374,-182.839047,-0.000000,0.660272
0.020000,3104.602638,6506.359608,3262.302581,512.892593,-182.839047,0.000000,0.660860
0.020000,3112.670180,6512.635718,3272.523865,509.235812,-182.839047,-0.000000,0.661434
0.020000,3120.676455,6518.871457,3282.672013,505.579031,-182.839047,0.000000,0.661994
0.020000,3128.621601,6525.066657,3292.747026,501.922251,-182.839047,0.000000,0.662541
0.020000,3136.505754,6531.221149,3302.748903,498.265470,-182.839047,0.000000,0.663075
0.020000,3144.329027,6537.334759,3312.677645,494.608689,-182.839047,-0.000000,0.663596
0.020000,3152.091558,6543.407332,3322.533251,490.951908,-182.839047,0.000000,0.664104
0.020000,3159.793459,6549.438705,3332.315721,487.295127,-182.839047,0.000000,0.664599
0.020000,3167.434848,6555.428721,3342.025056,483.638346,-182.839047,-0.000000,0.665082
0.020000,3175.015855,6561.377242,3351.661255,479.981565,-182.839047,0.000000,0.665552
0.020000,3182.536561,6567.284094,3361.224319,476.324784,-182.839047,0.000000,0.666011
0.020000,3189.997115,6573.149167,3370.714247,472.668003,-182.839047,-0.000000,0.666458
0.020000,3197.397594,6578.972293,3380.131039,469.011222,-182.839047,0.000000,0.666893
0.020000,3204.738113,6584.753349,3389.474695,465.354441,-182.839047,0.000000,0.667317
0.020000,3212.018790,6590.492211,3398.745216,461.697660,-182.839047,0.000000,0.667730
0.020000,3219.239697,6596.188727,3407.942602,458.040879,-182.839047,0.000000,0.668131
0.020000,3226.400944,6601.842785,3417.066852,454.384098,-182.839047,-0.000000,0.668522
0.020000,3233.502637,6607.454267,3426.117966,450.727317,-182.839047,0.000000,0.668902
0.020000,3240.544862,6613.023052,3435.095944,447.070536,-182.839047,0.000000,0.669272
0.020000,3247.527688,6618.549005,3444.000787,443.413756,-182.839047,-0.000000,0.669632
0.020000,3254.451228,6624.032033,3452.832495,439.756975,-182.839047,0.000000,0.669981
0.020000,3261.315564,6629.472024,3461.591066,436.100194,-182.839047,0.000000,0.670321
0.020000,3268.120780,6634.868871,3470.276502,432.443413,-182.839047,-0.000000,0.670650
0.020000,3274.866954,6640.222468,3478.888803,428.786632,-182.839047,0.000000,0.670971
0.020000,3281.554151,6645.532703,3487.427968,425.129851,-182.839047,0.000000,0.671282
0.020000,3288.182464,6650.799490,3495.893997,421.473070,-182.839047,0.000000,0.671583
0.020000,3294.751966,6656.022734,3504.286890,417.816289,-182.839047,0.000000,0.671876
0.020000,3301.262730,6661.202340,3512.606648,414.159508,-182.839047,0.000000,0.672160
0.020000,3307.714826,6666.338219,3520.853271,410.502727,-182.839047,-0.000000,0.672435
0.020000,3314.108321,6671.430282,3529.026757,406.845946,-182.839047,0.000000,0.672702
0.020000,3320.443283,6676.478446,3537.127109,403.189165,-182.839047,0.000000,0.672960
0.020000,3326.719776,6681.482628,3545.154324,399.532384,-182.839047,0.000000,0.673211
0.020000,3332.937864,6686.442747,3553.108404,395.875603,-182.839047,0.000000,0.673453
0.020000,3339.097606,6691.358727,3560.989348,392.218822,-182.839047,-0.000000,0.673687
0.020000,3345.199063,6696.230493,3568.797157,388.562041,-182.839047,0.000000,0.673914
0.020000,3351.242292,6701.057972,3576.531830,384.905261,-182.839047,0.000000,0.674133
0.020000,3357.227350,6705.841094,3584.193367,381.248480,-182.839047,0.000000,0.674345
0.020000,3363.154290,6710.579791,3591.781769,377.591699,-182.839047,0.000000,0.674549
0.020000,3369.023165,6715.273999,3599.297035,373.934918,-182.839047,-0.000000,0.674746
0.020000,3374.834026,6719.923652,3606.739166,370.278137,-182.839047,0.000000,0.674937
0.020000,3380.586916,6724.528684,3614.108161,366.621356,-182.839047,0.000000,0.675121
0.020000,3386.281885,6729.089037,3621.404020,362.964575,-182.839047,0.000000,0.675298
0.020000,3391.918983,6733.604659,3628.626744,359.307794,-182.839047,0.000000,0.675468
0.020000,3397.498256,6738.075492,3635.776332,355.651013,-182.839047,0.000000,0.675633
0.020000,3403.019746,6742.501484,3642.852784,351.994232,-182.839047,-0.000000,0.675791
0.020000,3408.483487,6746.882576,3649.856101,348.337451,-182.839047,0.000000,0.675943
0.020000,3413.889521,6751.218720,3656.786282,344.680670,-182.839047,0.000000,0.676089
0.020000,3419.237895,6755.509874,3663.643328,341.023889,-182.839047,0.000000,0.676229
0.020000,3424.528645,6759.755990,3670.427238,337.367108,-182.839047,0.000000,0.676364
0.020000,3429.761791,6763.957011,3677.138012,333.710327,-182.839047,-0.000000,0.676493
0.020000,3434.937385,6768.112907,3683.775651,330.053546,-182.839047,0.000000,0.676617
0.020000,3440.055461,6772.223637,3690.340154,326.396766,-182.839047,0.000000,0.676735
0.020000,3445.116033,6776.289147,3696.831521,322.739985,-182.839047,0.000000,0.676849
0.020000,3450.119150,6780.309414,3703.249753,319.083204,-182.839047,-0.000000,0.676957
0.020000,3455.064835,6784.284393,3709.594850,315.426423,-182.839047,0.000000,0.677061
0.020000,3459.953115,6788.214048,3715.866810,311.769642,-182.839047,-0.000000,0.677160
0.020000,3464.784024,6792.098351,3722.065635,308.112861,-182.839047,0.000000,0.677254
0.020000,3469.557576,6795.937260,3728.191325,304.456080,-182.839047,0.000000,0.677344
0.020000,3474.273812,6799.730754,3734.243879,300.799299,-182.839047,0.000000,0.677429
0.020000,3478.932738,6803.478791,3740.223297,297.142518,-182.839047,0.000000,0.677510
0.020000,3483.534396,6807.181355,3746.129579,293.485737,-182.839047,-0.000000,0.677587
0.020000,3488.078791,6810.838407,3751.962726,289.828956,-182.839047,0.000000,0.677660
0.020000,3492.565958,6814.449930,3757.722737,286.172175,-182.839047,0.000000,0.677729
0.020000,3496.995907,6818.015892,3763.409613,282.515394,-182.839047,0.000000,0.677795
0.020000,3501.368664,6821.536273,3769.023353,278.858613,-182.839047,-0.000000,0.677856
0.020000,3505.684246,6825.011051,3774.563958,275.201832,-182.839047,0.000000,0.677914
0.020000,3509.942665,6828.440198,3780.031427,271.545051,-182.839047,-0.000000,0.677969
0.020000,3514.143946,6831.823700,3785.425760,267.888271,-182.839047,0.000000,0.678020
0.020000,3518.288100,6835.161535,3790.746957,264.231490,-182.839047,0.000000,0.678068
0.020000,3522.375141,6838.453682,3795.995019,260.574709,-182.839047,-0.000000,0.678113
0.020000,3526.405087,6841.700128,3801.169946,256.917928,-182.839047,0.000000,0.678155
0.020000,3530.377952,6844.900854,3806.271736,253.261147,-182.839047,-0.000000,0.678194
0.020000,3534.293741,6848.055840,3811.300392,249.604366,-182.839047,0.000000,0.678230
0.020000,3538.152474,6851.165077,3816.255911,245.947585,-182.839047,0.000000,0.678264
0.020000,3541.954161,6854.228549,3821.138295,242.290804,-182.839047,-0.000000,0.678294
0.020000,3545.698812,6857.246242,3825.947543,238.634023,-182.839047,0.000000,0.678323
0.020000,3549.386436,6860.218143,3830.683656,234.977242,-182.839047,0.000000,0.678348
0.020000,3553.017042,6863.144240,3835.346633,231.320461,-182.839047,-0.000000,0.678372
0.020000,3556.590641,6866.024524,3839.936474,227.663680,-182.839047,0.000000,0.678393
0.020000,3560.107241,6868.858983,3844.453180,224.006899,-182.839047,0.000000,0.678412
0.020000,3563.566849,6871.647608,3848.896750,220.350118,-182.839047,-0.000000,0.678429
0.020000,3566.969473,6874.390390,3853.267185,216.693337,-182.839047,-0.000000,0.678444
0.020000,3570.315120,6877.087320,3857.564484,213.036556,-182.839047,0.000000,0.678457
0.020000,3573.603794,6879.738392,3861.788647,209.379776,-182.839047,-0.000000,0.678468
0.020000,3576.835503,6882.343596,3865.939675,205.722995,-182.839047,0.000000,0.678477
0.020000,3580.010251,6884.902928,3870.017567,202.066214,-182.839047,0.000000,0.678485
0.020000,3583.128044,6887.416381,3874.022323,198.409433,-182.839047,0.000000,0.678491
0.020000,3586.188885,6889.883949,3877.953944,194.752652,-182.839047,-0.000000,0.678496
0.020000,3589.192780,6892.305627,3881.812429,191.095871,-182.839047,0.000000,0.678499
0.020000,3592.139731,6894.681412,3885.597779,187.439090,-182.839047,-0.000000,0.678501
0.020000,3595.029742,6897.011298,3889.309993,183.782309,-182.839047,0.000000,0.678502
0.020000,3597.862816,6899.295283,3892.949071,180.125528,-182.839047,0.000000,0.678501
0.020000,3600.638955,6901.533362,3896.515014,176.468747,-182.839047,-0.000000,0.678499
0.020000,3603.358162,6903.725534,3900.007821,172.811966,-182.839047,0.000000,0.678497
0.020000,3606.020439,6905.871795,3903.427493,169.155185,-182.839047,0.000000,0.678493
0.020000,3608.625787,6907.972143,3906.774029,165.498404,-182.839047,-0.000000,0.678488
0.020000,3611.174208,6910.026577,3910.047429,161.841623,-182.839047,0.000000,0.678483
0.020000,3613.665704,6912.035096,3913.247694,158.184842,-182.839047,0.000000,0.678476
0.020000,3616.100274,6913.997698,3916.374823,154.528061,-182.839047,-0.000000,0.678469
0.020000,3618.477921,6915.914381,3919.428816,150.871281,-182.839047,0.000000,0.678461
0.020000,3620.798643,6917.785145,3922.409674,147.214500,-182.839047,-0.000000,0.678453
0.020000,3623.062442,6919.609991,3925.317396,143.557719,-182.839047,0.000000,0.678444
0.020000,3625.269319,6921.388918,3928.151983,139.900938,-182.839047,0.000000,0.678435
0.020000,3627.419271,6923.121925,3930.913434,136.244157,-182.839047,-0.000000,0.678425
0.020000,3629.512300,6924.809013,3933.601749,132.587376,-182.839047,0.000000,0.678414
0.020000,3631.548407,6926.450184,3936.216929,128.930595,-182.839047,0.000000,0.678404
0.020000,3633.527588,6928.045436,3938.758973,125.273814,-182.839047,-0.000000,0.678393
0.020000,3635.449845,6929.594770,3941.227881,121.617033,-182.839047,0.000000,0.678382
0.020000,3637.315177,6931.098189,3943.623654,117.960252,-182.839047,-0.000000,0.678370
0.020000,3639.123581,6932.555691,3945.946291,114.303471,-182.839047,0.000000,0.678359
0.020000,3640.875060,6933.967281,3948.195793,110.646690,-182.839047,0.000000,0.678347
0.020000,3642.569609,6935.332956,3950.372159,106.989909,-182.839047,-0.000000,0.678336
0.020000,3644.207231,6936.652720,3952.475389,103.333128,-182.839047,0.000000,0.678324
0.020000,3645.787921,6937.926573,3954.505484,99.676347,-182.839047,0.000000,0.678313
0.020000,3647.311681,6939.154518,3956.462443,96.019566,-182.839047,-0.000000,0.678301
0.020000,3648.778507,6940.336553,3958.346267,92.362786,-182.839047,0.000000,0.678290
0.020000,3650.188402,6941.472685,3960.156955,88.706005,-182.839047,0.000000,0.678278
0.020000,3651.541358,6942.562908,3961.894507,85.049224,-182.839047,0.000000,0.678267
0.020000,3652.837382,6943.607233,3963.558924,81.392443,-182.839047,-0.000000,0.678256
0.020000,3654.076467,6944.605653,3965.150205,77.735662,-182.839047,0.000000,0.678246
0.020000,3655.258613,6945.558174,3966.668350,74.078881,-182.839047,0.000000,0.678235
0.020000,3656.383820,6946.464797,3968.113360,70.422100,-182.839047,0.000000,0.678225
0.020000,3657.452084,6947.325521,3969.485234,66.765319,-182.839047,-0.000000,0.678216
0.020000,3658.463408,6948.140351,3970.783973,63.108538,-182.839047,0.000000,0.678206
0.020000,3659.417788,6948.909287,3972.009576,59.451757,-182.839047,0.000000,0.678197
0.020000,3660.315223,6949.632330,3973.162043,55.794976,-182.839047,0.000000,0.678189
0.020000,3661.155711,6950.309480,3974.241375,52.138195,-182.839047,0.000000,0.678181
0.020000,3661.939256,6950.940743,3975.247571,48.481414,-182.839047,0.000000,0.678173
0.020000,3662.665852,6951.526116,3976.180631,44.824633,-182.839047,0.000000,0.678166
0.020000,3663.335497,6952.065601,3977.040556,41.167852,-182.839047,0.000000,0.678159
0.020000,3663.948193,6952.559198,3977.827345,37.511071,-182.839047,0.000000,0.678153
0.020000,3664.503941,6953.006912,3978.540999,33.854291,-182.839047,0.000000,0.678147
0.020000,3665.002737,6953.408741,3979.181517,30.197510,-182.839047,0.000000,0.678142
0.020000,3665.444582,6953.764687,3979.748899,26.540729,-182.839047,-0.000000,0.678138
0.020000,3665.829473,6954.074748,3980.243146,22.883948,-182.839047,0.000000,0.678134
0.020000,3666.157412,6954.338928,3980.664257,19.227167,-182.839047,0.000000,0.678130
0.020000,3666.429086,6954.557781,3981.013118,15.658899,-178.413405,221.282090,0.678127
0.020000,3666.648032,6954.734157,3981.294270,12.456309,-160.129500,914.195234,0.678125
0.020000,3666.819947,6954.872645,3981.515027,9.619397,-141.845596,914.195234,0.678123
0.020000,3666.950524,6954.977833,3981.682703,7.148163,-123.561691,914.195234,0.678122
0.020000,3667.045460,6955.054309,3981.804610,5.042607,-105.277786,914.195234,0.678121
0.020000,3667.110449,6955.106661,3981.888064,3.302730,-86.993882,914.195234,0.678120
0.020000,3667.151188,6955.139479,3981.940376,1.928530,-68.709977,914.195234,0.678120
0.020000,3667.173371,6955.157348,3981.968862,0.920009,-50.426072,914.195234,0.678119
0.020000,3667.182694,6955.164858,3981.980833,0.277165,-32.142168,914.195234,0.678119
0.020000,3667.184852,6955.166597,3981.983605,0.000000,-13.858263,914.195234,0.678119
0.020000,3667.184852,6955.166597,3981.983605,0.000000,0.000000,692.913144,0.678119
